{"feature_columns": ["requires_contrast", "requires_sedation", "isolation", "hour", "dow", "lead_time_days", "patient_type_ED", "patient_type_INPATIENT", "patient_type_OUTPATIENT", "resource_modality_CT", "resource_modality_MR", "resource_modality_US", "resource_modality_XR", "resource_modality_XR_PORTABLE", "exam_code_CT_ABDPEL_W", "exam_code_CT_CHEST_W", "exam_code_CT_HEAD_WO", "exam_code_CT_TRAUMA", "exam_code_MR_ABD_W", "exam_code_MR_BRAIN_WO", "exam_code_MR_KNEE_WO", "exam_code_MR_SPINE_WO", "exam_code_US_ABD", "exam_code_US_DVT", "exam_code_US_PELVIS", "exam_code_US_RUQ", "exam_code_XR_ABD_2V", "exam_code_XR_CHEST_2V", "exam_code_XR_EXTREMITY", "exam_code_XR_PORT_ABD", "exam_code_XR_PORT_CHEST", "exam_code_XR_SPINE", "priority_ROUTINE", "priority_STAT", "priority_URGENT", "scanner_id_CT1", "scanner_id_CT2", "scanner_id_CT3", "scanner_id_CT4", "scanner_id_CT5", "scanner_id_MR1", "scanner_id_MR2", "scanner_id_MR3", "scanner_id_PXR1", "scanner_id_PXR2", "scanner_id_PXR3", "scanner_id_US1", "scanner_id_US2", "scanner_id_XR1", "scanner_id_XR2", "scanner_id_XR3", "scanner_id_XR4", "scanner_id_XR5", "scanner_id_XR6", "mobility_ambulatory", "mobility_stretcher", "mobility_wheelchair"], "X_mean": [0.1569163054227829, 0.00773958582431078, 0.03482813388109207, 13.058198928833008, 2.955155849456787, 3.2986676692962646, 0.34524622559547424, 0.27490705251693726, 0.3798467218875885, 0.3010091781616211, 0.19849760830402374, 0.19880113005638123, 0.28135669231414795, 0.020335381850600243, 0.07291904091835022, 0.07496774941682816, 0.07663707435131073, 0.07648532092571259, 0.046741027384996414, 0.05114196985960007, 0.04977615922689438, 0.05083845555782318, 0.051976628601551056, 0.04985203593969345, 0.04992791637778282, 0.0470445416867733, 0.06882160902023315, 0.06692465394735336, 0.06912512332201004, 0.009560665115714073, 0.010774717666208744, 0.07648532092571259, 0.5031489729881287, 0.15403293073177338, 0.34281811118125916, 0.17869336903095245, 0.028909629210829735, 0.020335381850600243, 0.006677289493381977, 0.06639350205659866, 0.14151301980018616, 0.03710448369383812, 0.019880112260580063, 0.011229987256228924, 0.006373776588588953, 0.002731618471443653, 0.14371348917484283, 0.05508764088153839, 0.15866149961948395, 0.021701190620660782, 0.004932088777422905, 0.07094620168209076, 0.024356931447982788, 0.0007587829022668302, 0.7118901014328003, 0.15919265151023865, 0.12891721725463867], "X_std": [0.3637218177318573, 0.08763381093740463, 0.18334431946277618, 4.525017738342285, 1.95569908618927, 5.3410491943359375, 0.47544851899147034, 0.44646742939949036, 0.48534855246543884, 0.4586966633796692, 0.39886876940727234, 0.3990980386734009, 0.44966110587120056, 0.14114481210708618, 0.26000359654426575, 0.2633393108844757, 0.2660147249698639, 0.26577305793762207, 0.21108366549015045, 0.2202872335910797, 0.21748216450214386, 0.21966774761676788, 0.22197987139225006, 0.21763919293880463, 0.21779605746269226, 0.21173416078090668, 0.2531505525112152, 0.2498914897441864, 0.25366678833961487, 0.0973101258277893, 0.10324060916900635, 0.26577305793762207, 0.4999900758266449, 0.3609803318977356, 0.4746512770652771, 0.3830953538417816, 0.16755257546901703, 0.141144797205925, 0.08144140988588333, 0.248968705534935, 0.3485499620437622, 0.18901783227920532, 0.13958831131458282, 0.10537492483854294, 0.07958110421895981, 0.052193451672792435, 0.35079896450042725, 0.22815124690532684, 0.3653601408004761, 0.14570602774620056, 0.07005542516708374, 0.2567349374294281, 0.1541546881198883, 0.027535565197467804, 0.4528825283050537, 0.3658556342124939, 0.33510828018188477], "note": "Educational only. Synthetic model."}