{"feature_columns": ["requires_contrast", "requires_sedation", "isolation", "hour", "dow", "lead_time_days", "resource_modality_CT", "resource_modality_MR", "resource_modality_US", "resource_modality_XR", "exam_code_CT_ABDPEL_W", "exam_code_CT_CHEST_W", "exam_code_CT_HEAD_WO", "exam_code_CT_TRAUMA", "exam_code_MR_ABD_W", "exam_code_MR_BRAIN_WO", "exam_code_MR_KNEE_WO", "exam_code_MR_SPINE_WO", "exam_code_US_ABD", "exam_code_US_DVT", "exam_code_US_PELVIS", "exam_code_US_RUQ", "exam_code_XR_ABD_2V", "exam_code_XR_CHEST_2V", "exam_code_XR_EXTREMITY", "exam_code_XR_SPINE", "priority_ROUTINE", "priority_STAT", "priority_URGENT", "scanner_id_CT1", "scanner_id_CT2", "scanner_id_CT3", "scanner_id_CT4", "scanner_id_CT5", "scanner_id_MR1", "scanner_id_MR2", "scanner_id_MR3", "scanner_id_US1", "scanner_id_US2", "scanner_id_XR1", "scanner_id_XR2", "scanner_id_XR3", "scanner_id_XR6"], "X_mean": [0.1261674016714096, 0.0, 0.0, 11.960881233215332, 2.9740970134735107, 8.763863563537598, 0.3009691536426544, 0.19612334668636322, 0.19841410219669342, 0.30449339747428894, 0.07577092200517654, 0.07224669307470322, 0.08105726540088654, 0.07189427316188812, 0.04493391886353493, 0.04951541870832443, 0.05004405230283737, 0.05162995681166649, 0.05303964763879776, 0.049867842346429825, 0.04969162866473198, 0.04581497982144356, 0.07541850209236145, 0.07224669307470322, 0.07700440287590027, 0.07982379198074341, 0.8985022306442261, 0.008458149619400501, 0.09303964674472809, 0.28740087151527405, 0.011101321317255497, 0.0017621145816519856, 0.0005286343512125313, 0.00017621145525481552, 0.18748898804187775, 0.007929515093564987, 0.0007048458210192621, 0.19013215601444244, 0.00828193873167038, 0.2944493293762207, 0.008105726912617683, 0.0010572687024250627, 0.0008810572908259928], "X_std": [0.33203792572021484, 1.0, 1.0, 3.1838059425354004, 1.9841305017471313, 5.55803918838501, 0.45867931842803955, 0.39706292748451233, 0.3988056480884552, 0.4601925313472748, 0.2646312415599823, 0.2588959336280823, 0.2729230523109436, 0.25831276178359985, 0.20715902745723724, 0.21694156527519226, 0.21803587675094604, 0.22127877175807953, 0.2241125851869583, 0.21767187118530273, 0.21730707585811615, 0.2090836465358734, 0.2640654444694519, 0.2588959336280823, 0.2665984332561493, 0.27102020382881165, 0.3019867241382599, 0.0915784239768982, 0.29048800468444824, 0.45255011320114136, 0.10477635264396667, 0.04194054752588272, 0.022985972464084625, 0.013273297809064388, 0.3903035819530487, 0.08869407325983047, 0.026539573445916176, 0.39240530133247375, 0.090627521276474, 0.4557948410511017, 0.08966617286205292, 0.032498475164175034, 0.02966952882707119], "note": "Educational only. Synthetic model."}